"Year","Topic","Indicator","Unit","Estimate","SE Estimate","Lower_Limit","Upper_Limit","Estimate Footnote","Data Source","Population","Age","Race","Sex","Education","Other Stratification","stratum"
2024,"Burden/Magnitude","Diagnosed Diabetes","Percentage",35.8,3.4,29.4,42.6,"","National Health Interview Survey (NHIS)","All Ages","75+","Hispanic","All","All","","75+ | Hispanic | All | All"
2024,"Burden/Magnitude","Diagnosed Diabetes","Percentage",30.8,2.8,25.5,36.6,"","National Health Interview Survey (NHIS)","All Ages","75+","Non-Hispanic Black","All","All","","75+ | Non-Hispanic Black | All | All"
2024,"Burden/Magnitude","Diagnosed Diabetes","Percentage",29,4,21.7,37.4,"","National Health Interview Survey (NHIS)","All Ages","75+","Non-Hispanic Asian","All","All","","75+ | Non-Hispanic Asian | All | All"
2024,"Burden/Magnitude","Diagnosed Diabetes","Percentage",28.8,2.7,23.9,34.3,"","National Health Interview Survey (NHIS)","All Ages","65-74","Hispanic","All","All","","65-74 | Hispanic | All | All"
2024,"Burden/Magnitude","Diagnosed Diabetes","Percentage",28.3,2.5,23.7,33.4,"","National Health Interview Survey (NHIS)","All Ages","65-74","Non-Hispanic Black","All","All","","65-74 | Non-Hispanic Black | All | All"
2024,"Burden/Magnitude","Diagnosed Diabetes","Percentage",27.4,3.7,20.8,35.2,"","National Health Interview Survey (NHIS)","All Ages","65-74","Non-Hispanic Asian","All","All","","65-74 | Non-Hispanic Asian | All | All"
2024,"Burden/Magnitude","Diagnosed Diabetes","Percentage",21.6,0.8,20.2,23.2,"","National Health Interview Survey (NHIS)","All Ages","75+","All","All","All","","75+ | All | All | All"
2024,"Burden/Magnitude","Diagnosed Diabetes","Percentage",19.9,0.7,18.5,21.3,"","National Health Interview Survey (NHIS)","All Ages","65-74","All","All","All","","65-74 | All | All | All"
2024,"Burden/Magnitude","Diagnosed Diabetes","Percentage",18.5,0.8,17.1,20.1,"","National Health Interview Survey (NHIS)","All Ages","75+","Non-Hispanic White","All","All","","75+ | Non-Hispanic White | All | All"
2024,"Burden/Magnitude","Diagnosed Diabetes","Percentage",17.1,1.2,14.9,19.6,"","National Health Interview Survey (NHIS)","All Ages","45-64","Hispanic","All","All","","45-64 | Hispanic | All | All"
2024,"Burden/Magnitude","Diagnosed Diabetes","Percentage",16.3,0.7,14.9,17.7,"","National Health Interview Survey (NHIS)","All Ages","65-74","Non-Hispanic White","All","All","","65-74 | Non-Hispanic White | All | All"
2024,"Burden/Magnitude","Diagnosed Diabetes","Percentage",15.5,1.3,13.1,18.4,"","National Health Interview Survey (NHIS)","All Ages","45-64","Non-Hispanic Black","All","All","","45-64 | Non-Hispanic Black | All | All"
2024,"Burden/Magnitude","Diagnosed Diabetes","Percentage",13.5,1.8,10.3,17.5,"","National Health Interview Survey (NHIS)","All Ages","45-64","Non-Hispanic Asian","All","All","","45-64 | Non-Hispanic Asian | All | All"
2024,"Burden/Magnitude","Diagnosed Diabetes","Percentage",12.9,0.4,12.1,13.7,"","National Health Interview Survey (NHIS)","All Ages","45-64","All","All","All","","45-64 | All | All | All"
2024,"Burden/Magnitude","Diagnosed Diabetes","Percentage",10.8,0.5,9.9,11.8,"","National Health Interview Survey (NHIS)","All Ages","45-64","Non-Hispanic White","All","All","","45-64 | Non-Hispanic White | All | All"
2024,"Burden/Magnitude","Diagnosed Diabetes","Percentage",9.6,0.6,8.6,10.8,"","National Health Interview Survey (NHIS)","All Ages","Crude","Non-Hispanic Black","All","All","","Crude | Non-Hispanic Black | All | All"
2024,"Burden/Magnitude","Diagnosed Diabetes","Percentage",9.4,0.4,8.6,10.3,"","National Health Interview Survey (NHIS)","All Ages","Age-Adjusted","Hispanic","All","All","","Age-Adjusted | Hispanic | All | All"
2024,"Burden/Magnitude","Diagnosed Diabetes","Percentage",8.8,0.5,7.9,9.8,"","National Health Interview Survey (NHIS)","All Ages","Age-Adjusted","Non-Hispanic Black","All","All","","Age-Adjusted | Non-Hispanic Black | All | All"
2024,"Burden/Magnitude","Diagnosed Diabetes","Percentage",8.8,0.7,7.6,10.3,"","National Health Interview Survey (NHIS)","All Ages","Crude","Non-Hispanic Asian","All","All","","Crude | Non-Hispanic Asian | All | All"
2024,"Burden/Magnitude","Diagnosed Diabetes","Percentage",8.2,0.2,7.7,8.6,"","National Health Interview Survey (NHIS)","All Ages","Crude","All","Male","All","","Crude | All | Male | All"
